id,name,email,phone,company,region
1,Amit Gupta,amit.gupta1@example.com,+919838782383,PixelWorks,North
2,Vikram Gupta,vikram.gupta2@example.com,+918522054351,Cloudify,South
3,Meera Iyer,meera.iyer3@example.com,+918536201423,InnoSoft,West
4,Rohit Sharma,rohit.sharma4@example.com,+917742760312,InnoSoft,South
5,Karthik Iyer,karthik.iyer5@example.com,+918885582940,TechNova,West
6,Amit Mehta,amit.mehta6@example.com,+917675063987,TechNova,South
7,Rahul Reddy,rahul.reddy7@example.com,+918987728506,InnoSoft,North
8,Rohit Reddy,rohit.reddy8@example.com,+918060578011,MediaMatic,South
9,Sneha Iyer,sneha.iyer9@example.com,+916114476713,Cloudify,West
10,Amit Patel,amit.patel10@example.com,+919751007641,InnoSoft,South
11,Divya Kapoor,divya.kapoor11@example.com,+918619480423,PixelWorks,North
12,Neha Verma,neha.verma12@example.com,+918327986755,DataWave,West
13,Karthik Patel,karthik.patel13@example.com,+916739481680,GrowthLabs,South
14,Neha Gupta,neha.gupta14@example.com,+918349069714,MediaMatic,South
15,Neha Mehta,neha.mehta15@example.com,+917112145481,NextGen Corp,East
16,Ananya Gupta,ananya.gupta16@example.com,+919928039726,NextGen Corp,West
17,Arjun Reddy,arjun.reddy17@example.com,+916966170675,GrowthLabs,East
18,Divya Iyer,divya.iyer18@example.com,+919888586747,TechNova,North
19,Amit Iyer,amit.iyer19@example.com,+918224884123,TechNova,West
20,Pooja Malhotra,pooja.malhotra20@example.com,+918720811600,PixelWorks,West
21,Vikram Kapoor,vikram.kapoor21@example.com,+918034624491,DataWave,South
22,Priya Gupta,priya.gupta22@example.com,+918611955831,TechNova,North
23,Divya Verma,divya.verma23@example.com,+917598423296,TechNova,West
24,Arjun Sharma,arjun.sharma24@example.com,+918906093335,MediaMatic,South
25,Ananya Sharma,ananya.sharma25@example.com,+919554557029,NextGen Corp,East
26,Neha Patel,neha.patel26@example.com,+918584046001,GrowthLabs,South
27,Karthik Malhotra,karthik.malhotra27@example.com,+916172345699,TechNova,North
28,Karthik Reddy,karthik.reddy28@example.com,+918828422384,DataWave,North
29,Divya Gupta,divya.gupta29@example.com,+918681380569,GrowthLabs,West
30,Neha Malhotra,neha.malhotra30@example.com,+916882184736,TechNova,West
31,Divya Patel,divya.patel31@example.com,+919482040001,TechNova,North
32,Priya Sharma,priya.sharma32@example.com,+919098343826,MediaMatic,West
33,Arjun Kapoor,arjun.kapoor33@example.com,+918165979901,GrowthLabs,North
34,Vikram Verma,vikram.verma34@example.com,+916405577783,PixelWorks,North
35,Pooja Sharma,pooja.sharma35@example.com,+919286547350,NextGen Corp,East
36,Amit Malhotra,amit.malhotra36@example.com,+919179735152,GrowthLabs,South
37,Priya Verma,priya.verma37@example.com,+916207850741,DataWave,South
38,Meera Patel,meera.patel38@example.com,+918440698643,MediaMatic,East
39,Rahul Nair,rahul.nair39@example.com,+917862401429,TechNova,East
40,Rohit Malhotra,rohit.malhotra40@example.com,+919464398246,MediaMatic,South
41,Karthik Verma,karthik.verma41@example.com,+919355528797,Cloudify,North
42,Meera Gupta,meera.gupta42@example.com,+917195719161,GrowthLabs,West
43,Vikram Sharma,vikram.sharma43@example.com,+916190058385,Cloudify,North
44,Divya Reddy,divya.reddy44@example.com,+919414029317,NextGen Corp,East
45,Sneha Nair,sneha.nair45@example.com,+916023644484,InnoSoft,South
46,Pooja Kapoor,pooja.kapoor46@example.com,+917778226237,Cloudify,South
47,Sneha Mehta,sneha.mehta47@example.com,+919683577463,DataWave,West
48,Arjun Gupta,arjun.gupta48@example.com,+917181565425,PixelWorks,North
49,Rohit Kapoor,rohit.kapoor49@example.com,+918642357368,NextGen Corp,East
50,Sneha Gupta,sneha.gupta50@example.com,+919375855909,NextGen Corp,East
51,Arjun Verma,arjun.verma51@example.com,+918446262288,InnoSoft,East
52,Rahul Kapoor,rahul.kapoor52@example.com,+916516497408,TechNova,South
53,Rahul Patel,rahul.patel53@example.com,+917033808899,MediaMatic,South
54,Divya Sharma,divya.sharma54@example.com,+916172838981,MediaMatic,North
55,Rahul Mehta,rahul.mehta55@example.com,+916951164351,TechNova,East
56,Arjun Patel,arjun.patel56@example.com,+918778162001,InnoSoft,North
57,Ananya Iyer,ananya.iyer57@example.com,+916187616144,GrowthLabs,North
58,Suresh Verma,suresh.verma58@example.com,+918624485356,InnoSoft,East
59,Rohit Patel,rohit.patel59@example.com,+918810049560,PixelWorks,East
60,Suresh Nair,suresh.nair60@example.com,+916194686083,NextGen Corp,North
61,Meera Verma,meera.verma61@example.com,+917817703852,DataWave,East
62,Amit Sharma,amit.sharma62@example.com,+916199307174,TechNova,West
63,Amit Kapoor,amit.kapoor63@example.com,+916353722168,NextGen Corp,East
64,Neha Reddy,neha.reddy64@example.com,+916176081906,DataWave,West
65,Meera Reddy,meera.reddy65@example.com,+917439667988,GrowthLabs,West
66,Karthik Nair,karthik.nair66@example.com,+916100620245,PixelWorks,South
67,Vikram Nair,vikram.nair67@example.com,+916855594775,GrowthLabs,South
68,Ananya Mehta,ananya.mehta68@example.com,+916538410200,Cloudify,North
69,Priya Nair,priya.nair69@example.com,+918762923228,PixelWorks,South
70,Suresh Reddy,suresh.reddy70@example.com,+919242404134,PixelWorks,West
71,Neha Sharma,neha.sharma71@example.com,+917160250911,GrowthLabs,South
72,Rohit Mehta,rohit.mehta72@example.com,+919410492640,GrowthLabs,South
73,Amit Nair,amit.nair73@example.com,+917382269519,InnoSoft,North
74,Suresh Mehta,suresh.mehta74@example.com,+917785767813,GrowthLabs,West
75,Divya Malhotra,divya.malhotra75@example.com,+919131602448,TechNova,East
76,Ananya Nair,ananya.nair76@example.com,+916056850260,DataWave,East
77,Ananya Malhotra,ananya.malhotra77@example.com,+916147306187,MediaMatic,North
78,Vikram Mehta,vikram.mehta78@example.com,+918419676629,PixelWorks,North
79,Neha Kapoor,neha.kapoor79@example.com,+917873862271,NextGen Corp,South
80,Meera Mehta,meera.mehta80@example.com,+917602284636,Cloudify,South
81,Sneha Reddy,sneha.reddy81@example.com,+919533393741,NextGen Corp,West
82,Arjun Nair,arjun.nair82@example.com,+916665365762,DataWave,South
83,Sneha Kapoor,sneha.kapoor83@example.com,+917266867181,PixelWorks,East
84,Sneha Sharma,sneha.sharma84@example.com,+919153983295,TechNova,East
85,Suresh Patel,suresh.patel85@example.com,+917013810245,TechNova,North
86,Karthik Mehta,karthik.mehta86@example.com,+916244501284,MediaMatic,West
87,Pooja Patel,pooja.patel87@example.com,+919034726964,InnoSoft,East
88,Meera Malhotra,meera.malhotra88@example.com,+919323516766,TechNova,South
89,Meera Kapoor,meera.kapoor89@example.com,+918837539579,InnoSoft,West
90,Vikram Reddy,vikram.reddy90@example.com,+918447312489,MediaMatic,North
91,Vikram Iyer,vikram.iyer91@example.com,+916878764128,Cloudify,South
92,Vikram Malhotra,vikram.malhotra92@example.com,+917756072254,InnoSoft,East
93,Suresh Iyer,suresh.iyer93@example.com,+918119409367,GrowthLabs,South
94,Divya Mehta,divya.mehta94@example.com,+917927004744,Cloudify,West
95,Rahul Sharma,rahul.sharma95@example.com,+918479233008,GrowthLabs,North
96,Pooja Gupta,pooja.gupta96@example.com,+916744996729,DataWave,North
97,Arjun Mehta,arjun.mehta97@example.com,+916370100263,InnoSoft,North
98,Rohit Gupta,rohit.gupta98@example.com,+917947897542,NextGen Corp,South
99,Karthik Sharma,karthik.sharma99@example.com,+918111444712,Cloudify,South
100,Ananya Patel,ananya.patel100@example.com,+917468405165,GrowthLabs,South
